{"data": {"pagination": {"data": [{"id": 1105, "unique_id": 11163, "start_price": 466461647, "transaction_amount": "420891191", "customer": "O'ZSUVTA'MINOT AKSIYADORLIK JAMIYATI SUV TA'MINOTI VA OQOV", "winner": "\u041e\u041e\u041e INJINER TARMAQLAR QURILISI", "transaction_date": "2021-05-03 14:56:06", "offeror_count": 4, "protocol": "https://tender.mc.uz/apis/storage/pdf/protocol-1105.pdf", "index": 1, "region": {"id": 13, "name": "\u0420\u0435\u0441\u043f\u0443\u0431\u043b\u0438\u043a\u0430 \u041a\u0430\u0440\u0430\u043a\u0430\u043b\u043f\u0430\u043a\u0441\u0442\u0430\u043d", "created_at": "2020-12-07T06:09:56.000000Z", "updated_at": "2020-12-07T06:09:56.000000Z", "deleted_at": null}}, {"id": 1104, "unique_id": 11162, "start_price": 1726008679, "transaction_amount": "1553408000", "customer": "\u0413\u0423\u041f O`ZBEKISTON RESPUBLIKASI SUV XO`JALIGI VAZIRLIGI HUZURI", "winner": "\u041e\u0411\u0429\u0415\u0421\u0422\u0412\u041e \u0421 \u041e\u0413\u0420\u0410\u041d\u0418\u0427\u0415\u041d\u041d\u041e\u0419 \u041e\u0422\u0412\u0415\u0422\u0421\u0422\u0412\u0415\u041d\u041d\u041e\u0421\u0422\u042c\u042e \"MAXSUS SUV QURILISH \"", "transaction_date": "2021-05-05 15:27:01", "offeror_count": 8, "protocol": "https://tender.mc.uz/apis/storage/pdf/protocol-1104.pdf", "index": 2, "region": {"id": 12, "name": "\u0425\u043e\u0440\u0435\u0437\u043c\u0441\u043a\u0430\u044f \u043e\u0431\u043b\u0430\u0441\u0442\u044c", "created_at": "2020-12-07T06:08:32.000000Z", "updated_at": "2020-12-07T06:08:32.000000Z", "deleted_at": null}}, {"id": 1103, "unique_id": 11161, "start_price": 392378618, "transaction_amount": "353981439", "customer": "O'ZSUVTA'MINOT AKSIYADORLIK JAMIYATI SUV TA'MINOTI VA OQOV", "winner": "\u041e\u0411\u0429\u0415\u0421\u0422\u0412\u041e \u0421 \u041e\u0413\u0420\u0410\u041d\u0418\u0427\u0415\u041d\u041d\u041e\u0419 \u041e\u0422\u0412\u0415\u0422\u0421\u0422\u0412\u0415\u041d\u041d\u041e\u0421\u0422\u042c\u042e \"NUKUS SUV QURILISH MEXANIZATSIYA\"", "transaction_date": "2021-05-03 13:15:05", "offeror_count": 4, "protocol": "https://tender.mc.uz/apis/storage/pdf/protocol-1103.pdf", "index": 3, "region": {"id": 13, "name": "\u0420\u0435\u0441\u043f\u0443\u0431\u043b\u0438\u043a\u0430 \u041a\u0430\u0440\u0430\u043a\u0430\u043b\u043f\u0430\u043a\u0441\u0442\u0430\u043d", "created_at": "2020-12-07T06:09:56.000000Z", "updated_at": "2020-12-07T06:09:56.000000Z", "deleted_at": null}}, {"id": 1102, "unique_id": 11160, "start_price": 687784543, "transaction_amount": "619863876", "customer": "O'ZSUVTA'MINOT AKSIYADORLIK JAMIYATI SUV TA'MINOTI VA OQOV", "winner": "\u041a\u0423\u0420\u042b\u041b\u042b\u0421 \u0421\u0410\u041d\u0410\u0410\u0422 \u0416\u0423\u0423\u0410\u041f\u041a\u0415\u0420\u0428\u0418\u041b\u0418\u0413\u0418 \u0428\u0415\u041a\u041b\u0415\u041d\u0413\u0415\u041d \u0416\u0410\u041c\u0418\u0419\u0415\u0422", "transaction_date": "2021-05-03 13:13:31", "offeror_count": 4, "protocol": "https://tender.mc.uz/apis/storage/pdf/protocol-1102.pdf", "index": 4, "region": {"id": 13, "name": "\u0420\u0435\u0441\u043f\u0443\u0431\u043b\u0438\u043a\u0430 \u041a\u0430\u0440\u0430\u043a\u0430\u043b\u043f\u0430\u043a\u0441\u0442\u0430\u043d", "created_at": "2020-12-07T06:09:56.000000Z", "updated_at": "2020-12-07T06:09:56.000000Z", "deleted_at": null}}, {"id": 1101, "unique_id": 11159, "start_price": 2036323185, "transaction_amount": "1832690873", "customer": "\u0413\u0423\u041f O`ZBEKISTON RESPUBLIKASI SUV XO`JALIGI VAZIRLIGI HUZURI", "winner": "\u041e\u0411\u0429\u0415\u0421\u0422\u0412\u041e \u0421 \u041e\u0413\u0420\u0410\u041d\u0418\u0427\u0415\u041d\u041d\u041e\u0419 \u041e\u0422\u0412\u0415\u0422\u0421\u0422\u0412\u0415\u041d\u041d\u041e\u0421\u0422\u042c\u042e \"URGANCHMAXSUSSUVPUDRAT\"", "transaction_date": "2021-05-04 10:06:17", "offeror_count": 3, "protocol": "https://tender.mc.uz/apis/storage/pdf/protocol-1101.pdf", "index": 5, "region": {"id": 12, "name": "\u0425\u043e\u0440\u0435\u0437\u043c\u0441\u043a\u0430\u044f \u043e\u0431\u043b\u0430\u0441\u0442\u044c", "created_at": "2020-12-07T06:08:32.000000Z", "updated_at": "2020-12-07T06:08:32.000000Z", "deleted_at": null}}, {"id": 1099, "unique_id": 11157, "start_price": 517020264, "transaction_amount": "465321035", "customer": "O'ZSUVTA'MINOT AKSIYADORLIK JAMIYATI SUV TA'MINOTI VA OQOV", "winner": "\u0428\u0423\u0420\u0410\u0425\u041e\u041d\u041a\u0423\u0420\u0418\u041b\u0418\u0428\u041c\u041e\u041d\u0422\u0410\u0416 \u041c\u0410\u0421\u042a\u0423\u041b\u0418\u042f\u0422\u0418 \u0427\u0415\u041a\u041b\u0410\u041d\u0413\u0410\u041d \u0416\u0410\u041c\u0418\u042f\u0422\u0418", "transaction_date": "2021-05-03 12:54:38", "offeror_count": 6, "protocol": "https://tender.mc.uz/apis/storage/pdf/protocol-1099.pdf", "index": 6, "region": {"id": 13, "name": "\u0420\u0435\u0441\u043f\u0443\u0431\u043b\u0438\u043a\u0430 \u041a\u0430\u0440\u0430\u043a\u0430\u043b\u043f\u0430\u043a\u0441\u0442\u0430\u043d", "created_at": "2020-12-07T06:09:56.000000Z", "updated_at": "2020-12-07T06:09:56.000000Z", "deleted_at": null}}, {"id": 1098, "unique_id": 11156, "start_price": 738914900, "transaction_amount": "665023412", "customer": "\u0413\u0423\u041f O`ZBEKISTON RESPUBLIKASI SUV XO`JALIGI VAZIRLIGI HUZURI", "winner": "\u041e\u0411\u0429\u0415\u0421\u0422\u0412\u041e \u0421 \u041e\u0413\u0420\u0410\u041d\u0418\u0427\u0415\u041d\u041d\u041e\u0419 \u041e\u0422\u0412\u0415\u0422\u0421\u0422\u0412\u0415\u041d\u041d\u041e\u0421\u0422\u042c\u042e \"QO`SHKO`PIRMAXSUSSUVPUDRAT\"", "transaction_date": "2021-05-04 10:35:12", "offeror_count": 2, "protocol": "https://tender.mc.uz/apis/storage/pdf/protocol-1098.pdf", "index": 7, "region": {"id": 12, "name": "\u0425\u043e\u0440\u0435\u0437\u043c\u0441\u043a\u0430\u044f \u043e\u0431\u043b\u0430\u0441\u0442\u044c", "created_at": "2020-12-07T06:08:32.000000Z", "updated_at": "2020-12-07T06:08:32.000000Z", "deleted_at": null}}, {"id": 1097, "unique_id": 11155, "start_price": 28835794565, "transaction_amount": "25952215109", "customer": "O\u2018ZBEKISTON RESPUBLIKASI MADANIYAT VAZIRLIGI HUZURIDAGI YA", "winner": "\u041e\u0411\u0429\u0415\u0421\u0422\u0412\u041e \u0421 \u041e\u0413\u0420\u0410\u041d\u0418\u0427\u0415\u041d\u041d\u041e\u0419 \u041e\u0422\u0412\u0415\u0422\u0421\u0422\u0412\u0415\u041d\u041d\u041e\u0421\u0422\u042c\u042e \"TREST 4\"", "transaction_date": "2021-06-01 09:52:05", "offeror_count": 5, "protocol": "https://tender.mc.uz/apis/storage/pdf/protocol-1097.pdf", "index": 8, "region": {"id": 13, "name": "\u0420\u0435\u0441\u043f\u0443\u0431\u043b\u0438\u043a\u0430 \u041a\u0430\u0440\u0430\u043a\u0430\u043b\u043f\u0430\u043a\u0441\u0442\u0430\u043d", "created_at": "2020-12-07T06:09:56.000000Z", "updated_at": "2020-12-07T06:09:56.000000Z", "deleted_at": null}}, {"id": 1096, "unique_id": 11154, "start_price": 2081511866, "transaction_amount": "1892895134", "customer": "\u0413\u0423\u041f O`ZBEKISTON RESPUBLIKASI SUV XO`JALIGI VAZIRLIGI HUZURI", "winner": "\u042d\u0428\u0427\u041e\u041d \u0414\u041e\u041c\u041e\u0420  \u041c\u0427\u0416", "transaction_date": "2021-05-04 18:43:40", "offeror_count": 4, "protocol": "https://tender.mc.uz/apis/storage/pdf/protocol-1096.pdf", "index": 9, "region": {"id": 12, "name": "\u0425\u043e\u0440\u0435\u0437\u043c\u0441\u043a\u0430\u044f \u043e\u0431\u043b\u0430\u0441\u0442\u044c", "created_at": "2020-12-07T06:08:32.000000Z", "updated_at": "2020-12-07T06:08:32.000000Z", "deleted_at": null}}, {"id": 1095, "unique_id": 11153, "start_price": 1292517072, "transaction_amount": "1163265365", "customer": "\u0413\u0423\u041f O`ZBEKISTON RESPUBLIKASI SUV XO`JALIGI VAZIRLIGI HUZURI", "winner": "\u041e\u0411\u0429\u0415\u0421\u0422\u0412\u041e \u0421 \u041e\u0413\u0420\u0410\u041d\u0418\u0427\u0415\u041d\u041d\u041e\u0419 \u041e\u0422\u0412\u0415\u0422\u0421\u0422\u0412\u0415\u041d\u041d\u041e\u0421\u0422\u042c\u042e \"YANGIBOZORMAXSUSSUVPUDRAT\"", "transaction_date": "2021-05-04 10:09:11", "offeror_count": 3, "protocol": "https://tender.mc.uz/apis/storage/pdf/protocol-1095.pdf", "index": 10, "region": {"id": 12, "name": "\u0425\u043e\u0440\u0435\u0437\u043c\u0441\u043a\u0430\u044f \u043e\u0431\u043b\u0430\u0441\u0442\u044c", "created_at": "2020-12-07T06:08:32.000000Z", "updated_at": "2020-12-07T06:08:32.000000Z", "deleted_at": null}}]}, "tenders": {"current_page": 346, "data": [{"id": 1105, "unique_id": 11163, "start_price": 466461647, "transaction_amount": "420891191", "customer": "O'ZSUVTA'MINOT AKSIYADORLIK JAMIYATI SUV TA'MINOTI VA OQOV", "winner": "\u041e\u041e\u041e INJINER TARMAQLAR QURILISI", "transaction_date": "2021-05-03 14:56:06", "offeror_count": 4, "protocol": "https://tender.mc.uz/apis/storage/pdf/protocol-1105.pdf", "index": 1, "region": {"id": 13, "name": "\u0420\u0435\u0441\u043f\u0443\u0431\u043b\u0438\u043a\u0430 \u041a\u0430\u0440\u0430\u043a\u0430\u043b\u043f\u0430\u043a\u0441\u0442\u0430\u043d", "created_at": "2020-12-07T06:09:56.000000Z", "updated_at": "2020-12-07T06:09:56.000000Z", "deleted_at": null}}, {"id": 1104, "unique_id": 11162, "start_price": 1726008679, "transaction_amount": "1553408000", "customer": "\u0413\u0423\u041f O`ZBEKISTON RESPUBLIKASI SUV XO`JALIGI VAZIRLIGI HUZURI", "winner": "\u041e\u0411\u0429\u0415\u0421\u0422\u0412\u041e \u0421 \u041e\u0413\u0420\u0410\u041d\u0418\u0427\u0415\u041d\u041d\u041e\u0419 \u041e\u0422\u0412\u0415\u0422\u0421\u0422\u0412\u0415\u041d\u041d\u041e\u0421\u0422\u042c\u042e \"MAXSUS SUV QURILISH \"", "transaction_date": "2021-05-05 15:27:01", "offeror_count": 8, "protocol": "https://tender.mc.uz/apis/storage/pdf/protocol-1104.pdf", "index": 2, "region": {"id": 12, "name": "\u0425\u043e\u0440\u0435\u0437\u043c\u0441\u043a\u0430\u044f \u043e\u0431\u043b\u0430\u0441\u0442\u044c", "created_at": "2020-12-07T06:08:32.000000Z", "updated_at": "2020-12-07T06:08:32.000000Z", "deleted_at": null}}, {"id": 1103, "unique_id": 11161, "start_price": 392378618, "transaction_amount": "353981439", "customer": "O'ZSUVTA'MINOT AKSIYADORLIK JAMIYATI SUV TA'MINOTI VA OQOV", "winner": "\u041e\u0411\u0429\u0415\u0421\u0422\u0412\u041e \u0421 \u041e\u0413\u0420\u0410\u041d\u0418\u0427\u0415\u041d\u041d\u041e\u0419 \u041e\u0422\u0412\u0415\u0422\u0421\u0422\u0412\u0415\u041d\u041d\u041e\u0421\u0422\u042c\u042e \"NUKUS SUV QURILISH MEXANIZATSIYA\"", "transaction_date": "2021-05-03 13:15:05", "offeror_count": 4, "protocol": "https://tender.mc.uz/apis/storage/pdf/protocol-1103.pdf", "index": 3, "region": {"id": 13, "name": "\u0420\u0435\u0441\u043f\u0443\u0431\u043b\u0438\u043a\u0430 \u041a\u0430\u0440\u0430\u043a\u0430\u043b\u043f\u0430\u043a\u0441\u0442\u0430\u043d", "created_at": "2020-12-07T06:09:56.000000Z", "updated_at": "2020-12-07T06:09:56.000000Z", "deleted_at": null}}, {"id": 1102, "unique_id": 11160, "start_price": 687784543, "transaction_amount": "619863876", "customer": "O'ZSUVTA'MINOT AKSIYADORLIK JAMIYATI SUV TA'MINOTI VA OQOV", "winner": "\u041a\u0423\u0420\u042b\u041b\u042b\u0421 \u0421\u0410\u041d\u0410\u0410\u0422 \u0416\u0423\u0423\u0410\u041f\u041a\u0415\u0420\u0428\u0418\u041b\u0418\u0413\u0418 \u0428\u0415\u041a\u041b\u0415\u041d\u0413\u0415\u041d \u0416\u0410\u041c\u0418\u0419\u0415\u0422", "transaction_date": "2021-05-03 13:13:31", "offeror_count": 4, "protocol": "https://tender.mc.uz/apis/storage/pdf/protocol-1102.pdf", "index": 4, "region": {"id": 13, "name": "\u0420\u0435\u0441\u043f\u0443\u0431\u043b\u0438\u043a\u0430 \u041a\u0430\u0440\u0430\u043a\u0430\u043b\u043f\u0430\u043a\u0441\u0442\u0430\u043d", "created_at": "2020-12-07T06:09:56.000000Z", "updated_at": "2020-12-07T06:09:56.000000Z", "deleted_at": null}}, {"id": 1101, "unique_id": 11159, "start_price": 2036323185, "transaction_amount": "1832690873", "customer": "\u0413\u0423\u041f O`ZBEKISTON RESPUBLIKASI SUV XO`JALIGI VAZIRLIGI HUZURI", "winner": "\u041e\u0411\u0429\u0415\u0421\u0422\u0412\u041e \u0421 \u041e\u0413\u0420\u0410\u041d\u0418\u0427\u0415\u041d\u041d\u041e\u0419 \u041e\u0422\u0412\u0415\u0422\u0421\u0422\u0412\u0415\u041d\u041d\u041e\u0421\u0422\u042c\u042e \"URGANCHMAXSUSSUVPUDRAT\"", "transaction_date": "2021-05-04 10:06:17", "offeror_count": 3, "protocol": "https://tender.mc.uz/apis/storage/pdf/protocol-1101.pdf", "index": 5, "region": {"id": 12, "name": "\u0425\u043e\u0440\u0435\u0437\u043c\u0441\u043a\u0430\u044f \u043e\u0431\u043b\u0430\u0441\u0442\u044c", "created_at": "2020-12-07T06:08:32.000000Z", "updated_at": "2020-12-07T06:08:32.000000Z", "deleted_at": null}}, {"id": 1099, "unique_id": 11157, "start_price": 517020264, "transaction_amount": "465321035", "customer": "O'ZSUVTA'MINOT AKSIYADORLIK JAMIYATI SUV TA'MINOTI VA OQOV", "winner": "\u0428\u0423\u0420\u0410\u0425\u041e\u041d\u041a\u0423\u0420\u0418\u041b\u0418\u0428\u041c\u041e\u041d\u0422\u0410\u0416 \u041c\u0410\u0421\u042a\u0423\u041b\u0418\u042f\u0422\u0418 \u0427\u0415\u041a\u041b\u0410\u041d\u0413\u0410\u041d \u0416\u0410\u041c\u0418\u042f\u0422\u0418", "transaction_date": "2021-05-03 12:54:38", "offeror_count": 6, "protocol": "https://tender.mc.uz/apis/storage/pdf/protocol-1099.pdf", "index": 6, "region": {"id": 13, "name": "\u0420\u0435\u0441\u043f\u0443\u0431\u043b\u0438\u043a\u0430 \u041a\u0430\u0440\u0430\u043a\u0430\u043b\u043f\u0430\u043a\u0441\u0442\u0430\u043d", "created_at": "2020-12-07T06:09:56.000000Z", "updated_at": "2020-12-07T06:09:56.000000Z", "deleted_at": null}}, {"id": 1098, "unique_id": 11156, "start_price": 738914900, "transaction_amount": "665023412", "customer": "\u0413\u0423\u041f O`ZBEKISTON RESPUBLIKASI SUV XO`JALIGI VAZIRLIGI HUZURI", "winner": "\u041e\u0411\u0429\u0415\u0421\u0422\u0412\u041e \u0421 \u041e\u0413\u0420\u0410\u041d\u0418\u0427\u0415\u041d\u041d\u041e\u0419 \u041e\u0422\u0412\u0415\u0422\u0421\u0422\u0412\u0415\u041d\u041d\u041e\u0421\u0422\u042c\u042e \"QO`SHKO`PIRMAXSUSSUVPUDRAT\"", "transaction_date": "2021-05-04 10:35:12", "offeror_count": 2, "protocol": "https://tender.mc.uz/apis/storage/pdf/protocol-1098.pdf", "index": 7, "region": {"id": 12, "name": "\u0425\u043e\u0440\u0435\u0437\u043c\u0441\u043a\u0430\u044f \u043e\u0431\u043b\u0430\u0441\u0442\u044c", "created_at": "2020-12-07T06:08:32.000000Z", "updated_at": "2020-12-07T06:08:32.000000Z", "deleted_at": null}}, {"id": 1097, "unique_id": 11155, "start_price": 28835794565, "transaction_amount": "25952215109", "customer": "O\u2018ZBEKISTON RESPUBLIKASI MADANIYAT VAZIRLIGI HUZURIDAGI YA", "winner": "\u041e\u0411\u0429\u0415\u0421\u0422\u0412\u041e \u0421 \u041e\u0413\u0420\u0410\u041d\u0418\u0427\u0415\u041d\u041d\u041e\u0419 \u041e\u0422\u0412\u0415\u0422\u0421\u0422\u0412\u0415\u041d\u041d\u041e\u0421\u0422\u042c\u042e \"TREST 4\"", "transaction_date": "2021-06-01 09:52:05", "offeror_count": 5, "protocol": "https://tender.mc.uz/apis/storage/pdf/protocol-1097.pdf", "index": 8, "region": {"id": 13, "name": "\u0420\u0435\u0441\u043f\u0443\u0431\u043b\u0438\u043a\u0430 \u041a\u0430\u0440\u0430\u043a\u0430\u043b\u043f\u0430\u043a\u0441\u0442\u0430\u043d", "created_at": "2020-12-07T06:09:56.000000Z", "updated_at": "2020-12-07T06:09:56.000000Z", "deleted_at": null}}, {"id": 1096, "unique_id": 11154, "start_price": 2081511866, "transaction_amount": "1892895134", "customer": "\u0413\u0423\u041f O`ZBEKISTON RESPUBLIKASI SUV XO`JALIGI VAZIRLIGI HUZURI", "winner": "\u042d\u0428\u0427\u041e\u041d \u0414\u041e\u041c\u041e\u0420  \u041c\u0427\u0416", "transaction_date": "2021-05-04 18:43:40", "offeror_count": 4, "protocol": "https://tender.mc.uz/apis/storage/pdf/protocol-1096.pdf", "index": 9, "region": {"id": 12, "name": "\u0425\u043e\u0440\u0435\u0437\u043c\u0441\u043a\u0430\u044f \u043e\u0431\u043b\u0430\u0441\u0442\u044c", "created_at": "2020-12-07T06:08:32.000000Z", "updated_at": "2020-12-07T06:08:32.000000Z", "deleted_at": null}}, {"id": 1095, "unique_id": 11153, "start_price": 1292517072, "transaction_amount": "1163265365", "customer": "\u0413\u0423\u041f O`ZBEKISTON RESPUBLIKASI SUV XO`JALIGI VAZIRLIGI HUZURI", "winner": "\u041e\u0411\u0429\u0415\u0421\u0422\u0412\u041e \u0421 \u041e\u0413\u0420\u0410\u041d\u0418\u0427\u0415\u041d\u041d\u041e\u0419 \u041e\u0422\u0412\u0415\u0422\u0421\u0422\u0412\u0415\u041d\u041d\u041e\u0421\u0422\u042c\u042e \"YANGIBOZORMAXSUSSUVPUDRAT\"", "transaction_date": "2021-05-04 10:09:11", "offeror_count": 3, "protocol": "https://tender.mc.uz/apis/storage/pdf/protocol-1095.pdf", "index": 10, "region": {"id": 12, "name": "\u0425\u043e\u0440\u0435\u0437\u043c\u0441\u043a\u0430\u044f \u043e\u0431\u043b\u0430\u0441\u0442\u044c", "created_at": "2020-12-07T06:08:32.000000Z", "updated_at": "2020-12-07T06:08:32.000000Z", "deleted_at": null}}], "first_page_url": "http://tender.mc.uz/apis/api/v1/completed-tenders?page=1", "from": 3451, "last_page": 415, "last_page_url": "http://tender.mc.uz/apis/api/v1/completed-tenders?page=415", "next_page_url": "http://tender.mc.uz/apis/api/v1/completed-tenders?page=347", "path": "http://tender.mc.uz/apis/api/v1/completed-tenders", "per_page": 10, "prev_page_url": "http://tender.mc.uz/apis/api/v1/completed-tenders?page=345", "to": 3460, "total": 4143}, "districts": [{"id": 1, "name": "\u0410\u043d\u0434\u0438\u0436\u0430\u043d", "region_id": 1, "created_at": null, "updated_at": null, "deleted_at": null}, {"id": 2, "name": "\u0410\u043b\u0442\u044b\u043d\u043a\u0443\u043b\u044c\u0441\u043a\u0438\u0439", "region_id": 1, "created_at": null, "updated_at": null, "deleted_at": null}, {"id": 3, "name": "\u0410\u0441\u0430\u043a\u0438\u043d\u0441\u043a\u0438\u0439", "region_id": 1, "created_at": null, "updated_at": null, "deleted_at": null}, {"id": 4, "name": "\u0411\u0430\u043b\u044b\u043a\u0447\u0438\u043d\u0441\u043a\u0438\u0439", "region_id": 1, "created_at": null, "updated_at": null, "deleted_at": null}, {"id": 5, "name": "\u0411\u0443\u0441\u0442\u0430\u043d", "region_id": 1, "created_at": null, "updated_at": null, "deleted_at": null}, {"id": 6, "name": "\u0411\u0443\u043b\u0430\u043a\u0431\u0430\u0448\u0438\u043d\u0441\u043a\u0438\u0439", "region_id": 1, "created_at": null, "updated_at": null, "deleted_at": null}, {"id": 8, "name": "\u0414\u0436\u0430\u043b\u0430\u043a\u0443\u0434\u0443\u043a\u0441\u043a\u0438\u0439", "region_id": 1, "created_at": null, "updated_at": null, "deleted_at": null}, {"id": 9, "name": "\u0418\u0437\u0431\u0430\u0441\u043a\u0430\u043d\u0441\u043a\u0438\u0439", "region_id": 1, "created_at": null, "updated_at": null, "deleted_at": null}, {"id": 11, "name": "\u041a\u0443\u0440\u0433\u0430\u043d\u0442\u0435\u043f\u0438\u043d\u0441\u043a\u0438\u0439", "region_id": 1, "created_at": null, "updated_at": null, "deleted_at": null}, {"id": 12, "name": "\u041c\u0430\u0440\u0445\u0430\u043c\u0430\u0442\u0441\u043a\u0438\u0439", "region_id": 1, "created_at": null, "updated_at": null, "deleted_at": null}, {"id": 13, "name": "\u041f\u0430\u0445\u0442\u0430\u0430\u0431\u0430\u0434\u0441\u043a\u0438\u0439", "region_id": 1, "created_at": null, "updated_at": null, "deleted_at": null}, {"id": 14, "name": "\u0423\u043b\u0443\u0433\u043d\u043e\u0440\u0441\u043a\u0438\u0439", "region_id": 1, "created_at": null, "updated_at": null, "deleted_at": null}, {"id": 15, "name": "\u0425\u043e\u0434\u0436\u0430\u0430\u0431\u0430\u0434\u0441\u043a\u0438\u0439", "region_id": 1, "created_at": null, "updated_at": null, "deleted_at": null}, {"id": 16, "name": "\u0428\u0430\u0445\u0440\u0438\u0445\u0430\u043d\u0441\u043a\u0438\u0439", "region_id": 1, "created_at": null, "updated_at": null, "deleted_at": null}, {"id": 17, "name": "\u0410\u043b\u0430\u0442\u0441\u043a\u0438\u0439", "region_id": 2, "created_at": null, "updated_at": null, "deleted_at": null}, {"id": 18, "name": "\u0411\u0443\u0445\u0430\u0440\u0441\u043a\u0438\u0439", "region_id": 2, "created_at": null, "updated_at": null, "deleted_at": null}, {"id": 19, "name": "\u0412\u0430\u0431\u043a\u0435\u043d\u0442\u0441\u043a\u0438\u0439", "region_id": 2, "created_at": null, "updated_at": null, "deleted_at": null}, {"id": 20, "name": "\u0413\u0438\u0436\u0434\u0443\u0432\u0430\u043d\u0441\u043a\u0438\u0439", "region_id": 2, "created_at": null, "updated_at": null, "deleted_at": null}, {"id": 21, "name": "\u0416\u043e\u043d\u0434\u043e\u0440\u0441\u043a\u0438\u0439", "region_id": 2, "created_at": null, "updated_at": null, "deleted_at": null}, {"id": 22, "name": "\u041a\u0430\u0433\u0430\u043d\u0441\u043a\u0438\u0439", "region_id": 2, "created_at": null, "updated_at": null, "deleted_at": null}, {"id": 23, "name": "\u041a\u0430\u0440\u0430\u043a\u0443\u043b\u044c\u0441\u043a\u0438\u0439", "region_id": 2, "created_at": null, "updated_at": null, "deleted_at": null}, {"id": 24, "name": "\u041a\u0430\u0440\u0430\u0443\u043b\u0431\u0430\u0437\u0430\u0440\u0441\u043a\u0438\u0439", "region_id": 2, "created_at": null, "updated_at": null, "deleted_at": null}, {"id": 25, "name": "\u041f\u0435\u0448\u043a\u0443\u043d\u0441\u043a\u0438\u0439", "region_id": 2, "created_at": null, "updated_at": null, "deleted_at": null}, {"id": 26, "name": "\u0420\u043e\u043c\u0438\u0442\u0430\u043d\u0441\u043a\u0438\u0439", "region_id": 2, "created_at": null, "updated_at": null, "deleted_at": null}, {"id": 27, "name": "\u0428\u0430\u0444\u0438\u0440\u043a\u0430\u043d\u0441\u043a\u0438\u0439", "region_id": 2, "created_at": null, "updated_at": null, "deleted_at": null}, {"id": 28, "name": "\u0410\u0440\u043d\u0430\u0441\u0430\u0439\u0441\u043a\u0438\u0439", "region_id": 3, "created_at": null, "updated_at": null, "deleted_at": null}, {"id": 29, "name": "\u0411\u0430\u0445\u043c\u0430\u043b\u044c\u0441\u043a\u0438\u0439", "region_id": 3, "created_at": null, "updated_at": null, "deleted_at": null}, {"id": 30, "name": "\u0413\u0430\u043b\u043b\u044f\u0430\u0440\u0430\u043b\u044c\u0441\u043a\u0438\u0439", "region_id": 3, "created_at": null, "updated_at": null, "deleted_at": null}, {"id": 31, "name": "\u0414\u0443\u0441\u0442\u043b\u0438\u043a\u0441\u043a\u0438\u0439", "region_id": 3, "created_at": null, "updated_at": null, "deleted_at": null}, {"id": 32, "name": "\u0417\u0430\u0430\u043c\u0438\u043d\u0441\u043a\u0438\u0439", "region_id": 3, "created_at": null, "updated_at": null, "deleted_at": null}, {"id": 33, "name": "\u0417\u0430\u0440\u0431\u0434\u0430\u0440\u0441\u043a\u0438\u0439", "region_id": 3, "created_at": null, "updated_at": null, "deleted_at": null}, {"id": 34, "name": "\u0417\u0430\u0444\u0430\u0440\u0430\u0431\u0430\u0434\u0441\u043a\u0438\u0439", "region_id": 3, "created_at": null, "updated_at": null, "deleted_at": null}, {"id": 35, "name": "\u041c\u0438\u0440\u0437\u0430\u0447\u0443\u043b\u044c\u0441\u043a\u0438\u0439", "region_id": 3, "created_at": null, "updated_at": null, "deleted_at": null}, {"id": 36, "name": "\u041f\u0430\u0445\u0442\u0430\u043a\u043e\u0440\u0441\u043a\u0438\u0439", "region_id": 3, "created_at": null, "updated_at": null, "deleted_at": null}, {"id": 37, "name": "\u0424\u0430\u0440\u0438\u0448\u0441\u043a\u0438\u0439", "region_id": 3, "created_at": null, "updated_at": null, "deleted_at": null}, {"id": 38, "name": "\u0428\u0430\u0440\u0430\u0444-\u0420\u0430\u0448\u0438\u0434\u043e\u0432\u0441\u043a\u0438\u0439 (\u0414\u0436\u0438\u0437\u0430\u043a\u0441\u043a\u0438\u0439)", "region_id": 3, "created_at": null, "updated_at": null, "deleted_at": null}, {"id": 39, "name": "\u042f\u043d\u0433\u0438\u0430\u0431\u0430\u0434\u0441\u043a\u0438\u0439", "region_id": 3, "created_at": null, "updated_at": null, "deleted_at": null}, {"id": 40, "name": "\u041a\u0430\u043d\u0438\u043c\u0435\u0445\u0441\u043a\u0438\u0439", "region_id": 4, "created_at": null, "updated_at": null, "deleted_at": null}, {"id": 41, "name": "\u041a\u0430\u0440\u043c\u0430\u043d\u0438\u043d\u0441\u043a\u0438\u0439", "region_id": 4, "created_at": null, "updated_at": null, "deleted_at": null}, {"id": 42, "name": "\u041a\u044b\u0437\u044b\u043b\u0442\u0435\u043f\u0438\u043d\u0441\u043a\u0438\u0439", "region_id": 4, "created_at": null, "updated_at": null, "deleted_at": null}, {"id": 43, "name": "\u041d\u0430\u0432\u0431\u0430\u0445\u043e\u0440\u0441\u043a\u0438\u0439", "region_id": 4, "created_at": null, "updated_at": null, "deleted_at": null}, {"id": 44, "name": "\u041d\u0443\u0440\u0430\u0442\u0438\u043d\u0441\u043a\u0438\u0439", "region_id": 4, "created_at": null, "updated_at": null, "deleted_at": null}, {"id": 45, "name": "\u0422\u0430\u043c\u0434\u044b\u043d\u0441\u043a\u0438\u0439", "region_id": 4, "created_at": null, "updated_at": null, "deleted_at": null}, {"id": 46, "name": "\u0423\u0447\u043a\u0443\u0434\u0443\u043a\u0441\u043a\u0438\u0439", "region_id": 4, "created_at": null, "updated_at": null, "deleted_at": null}, {"id": 47, "name": "\u0425\u0430\u0442\u044b\u0440\u0447\u0438\u043d\u0441\u043a\u0438\u0439", "region_id": 4, "created_at": null, "updated_at": null, "deleted_at": null}, {"id": 48, "name": "\u041a\u0430\u0441\u0430\u043d\u0441\u0430\u0439\u0441\u043a\u0438\u0439", "region_id": 5, "created_at": null, "updated_at": null, "deleted_at": null}, {"id": 49, "name": "\u041c\u0438\u043d\u0433\u0431\u0443\u043b\u0430\u043a\u0441\u043a\u0438\u0439", "region_id": 5, "created_at": null, "updated_at": null, "deleted_at": null}, {"id": 50, "name": "\u041d\u0430\u043c\u0430\u043d\u0433\u0430\u043d\u0441\u043a\u0438\u0439", "region_id": 5, "created_at": null, "updated_at": null, "deleted_at": null}, {"id": 51, "name": "\u041d\u0430\u0440\u044b\u043d\u0441\u043a\u0438\u0439", "region_id": 5, "created_at": null, "updated_at": null, "deleted_at": null}, {"id": 52, "name": "\u041f\u0430\u043f\u0441\u043a\u0438\u0439", "region_id": 5, "created_at": null, "updated_at": null, "deleted_at": null}, {"id": 53, "name": "\u0422\u0443\u0440\u0430\u043a\u0443\u0440\u0433\u0430\u043d\u0441\u043a\u0438\u0439", "region_id": 5, "created_at": null, "updated_at": null, "deleted_at": null}, {"id": 54, "name": "\u0423\u0439\u0447\u0438\u043d\u0441\u043a\u0438\u0439", "region_id": 5, "created_at": null, "updated_at": null, "deleted_at": null}, {"id": 55, "name": "\u0423\u0447\u043a\u0443\u0440\u0433\u0430\u043d\u0441\u043a\u0438\u0439", "region_id": 5, "created_at": null, "updated_at": null, "deleted_at": null}, {"id": 56, "name": "\u0427\u0430\u0440\u0442\u0430\u043a\u0441\u043a\u0438\u0439", "region_id": 5, "created_at": null, "updated_at": null, "deleted_at": null}, {"id": 57, "name": "\u0427\u0443\u0441\u0442\u0441\u043a\u0438\u0439", "region_id": 5, "created_at": null, "updated_at": null, "deleted_at": null}, {"id": 58, "name": "\u042f\u043d\u0433\u0438\u043a\u0443\u0440\u0433\u0430\u043d\u0441\u043a\u0438\u0439", "region_id": 5, "created_at": null, "updated_at": null, "deleted_at": null}, {"id": 59, "name": "\u0413\u0443\u0437\u0430\u0440\u0441\u043a\u0438\u0439", "region_id": 6, "created_at": null, "updated_at": null, "deleted_at": null}, {"id": 60, "name": "\u0414\u0435\u0445\u043a\u0430\u043d\u0430\u0431\u0430\u0434\u0441\u043a\u0438\u0439", "region_id": 6, "created_at": null, "updated_at": null, "deleted_at": null}, {"id": 61, "name": "\u041a\u0430\u043c\u0430\u0448\u0438\u043d\u0441\u043a\u0438\u0439", "region_id": 6, "created_at": null, "updated_at": null, "deleted_at": null}, {"id": 62, "name": "\u041a\u0430\u0440\u0448\u0438\u043d\u0441\u043a\u0438\u0439", "region_id": 6, "created_at": null, "updated_at": null, "deleted_at": null}, {"id": 63, "name": "\u041a\u0430\u0441\u0430\u043d\u0441\u043a\u0438\u0439", "region_id": 6, "created_at": null, "updated_at": null, "deleted_at": null}, {"id": 64, "name": "\u041a\u0430\u0441\u0431\u0438\u0439\u0441\u043a\u0438\u0439 (\u041a\u0430\u0441\u0431\u0438\u043d\u0441\u043a\u0438\u0439)", "region_id": 6, "created_at": null, "updated_at": null, "deleted_at": null}, {"id": 65, "name": "\u041a\u0438\u0442\u0430\u0431\u0441\u043a\u0438\u0439", "region_id": 6, "created_at": null, "updated_at": null, "deleted_at": null}, {"id": 66, "name": "\u041c\u0438\u0440\u0438\u0448\u043a\u043e\u0440\u0441\u043a\u0438\u0439", "region_id": 6, "created_at": null, "updated_at": null, "deleted_at": null}, {"id": 67, "name": "\u041c\u0443\u0431\u0430\u0440\u0435\u043a\u0441\u043a\u0438\u0439", "region_id": 6, "created_at": null, "updated_at": null, "deleted_at": null}, {"id": 68, "name": "\u041d\u0438\u0448\u0430\u043d\u0441\u043a\u0438\u0439", "region_id": 6, "created_at": null, "updated_at": null, "deleted_at": null}, {"id": 69, "name": "\u0427\u0438\u0440\u0430\u043a\u0447\u0438\u043d\u0441\u043a\u0438\u0439", "region_id": 6, "created_at": null, "updated_at": null, "deleted_at": null}, {"id": 70, "name": "\u0428\u0430\u0445\u0440\u0438\u0441\u0430\u0431\u0437\u0441\u043a\u0438\u0439", "region_id": 6, "created_at": null, "updated_at": null, "deleted_at": null}, {"id": 71, "name": "\u042f\u043a\u043a\u0430\u0431\u0430\u0433\u0441\u043a\u0438\u0439", "region_id": 6, "created_at": null, "updated_at": null, "deleted_at": null}, {"id": 72, "name": "\u0410\u043a\u0434\u0430\u0440\u044c\u0438\u043d\u0441\u043a\u0438\u0439", "region_id": 7, "created_at": null, "updated_at": null, "deleted_at": null}, {"id": 73, "name": "\u0411\u0443\u043b\u0443\u043d\u0433\u0443\u0440\u0441\u043a\u0438\u0439", "region_id": 7, "created_at": null, "updated_at": null, "deleted_at": null}, {"id": 74, "name": "\u0414\u0436\u0430\u043c\u0431\u0430\u0439\u0441\u043a\u0438\u0439", "region_id": 7, "created_at": null, "updated_at": null, "deleted_at": null}, {"id": 75, "name": "\u0418\u0448\u0442\u044b\u0445\u0430\u043d\u0441\u043a\u0438\u0439", "region_id": 7, "created_at": null, "updated_at": null, "deleted_at": null}, {"id": 76, "name": "\u041a\u0430\u0442\u0442\u0430\u043a\u0443\u0440\u0433\u0430\u043d\u0441\u043a\u0438\u0439", "region_id": 7, "created_at": null, "updated_at": null, "deleted_at": null}, {"id": 77, "name": "\u041a\u043e\u0448\u0440\u0430\u0431\u0430\u0434\u0441\u043a\u0438\u0439", "region_id": 7, "created_at": null, "updated_at": null, "deleted_at": null}, {"id": 78, "name": "\u041d\u0430\u0440\u043f\u0430\u0439\u0441\u043a\u0438\u0439", "region_id": 7, "created_at": null, "updated_at": null, "deleted_at": null}, {"id": 79, "name": "\u041d\u0443\u0440\u0430\u0431\u0430\u0434\u0441\u043a\u0438\u0439", "region_id": 7, "created_at": null, "updated_at": null, "deleted_at": null}, {"id": 80, "name": "\u041f\u0430\u0439\u0430\u0440\u044b\u043a\u0441\u043a\u0438\u0439", "region_id": 7, "created_at": null, "updated_at": null, "deleted_at": null}, {"id": 81, "name": "\u041f\u0430\u0441\u0442\u0434\u0430\u0440\u0433\u043e\u043c\u0441\u043a\u0438\u0439", "region_id": 7, "created_at": null, "updated_at": null, "deleted_at": null}, {"id": 82, "name": "\u041f\u0430\u0445\u0442\u0430\u0447\u0438\u0439\u0441\u043a\u0438\u0439", "region_id": 7, "created_at": null, "updated_at": null, "deleted_at": null}, {"id": 83, "name": "\u0421\u0430\u043c\u0430\u0440\u043a\u0430\u043d\u0434\u0441\u043a\u0438\u0439", "region_id": 7, "created_at": null, "updated_at": null, "deleted_at": null}, {"id": 84, "name": "\u0422\u0430\u0439\u043b\u0430\u043a\u0441\u043a\u0438\u0439", "region_id": 7, "created_at": null, "updated_at": null, "deleted_at": null}, {"id": 85, "name": "\u0423\u0440\u0433\u0443\u0442\u0441\u043a\u0438\u0439", "region_id": 7, "created_at": null, "updated_at": null, "deleted_at": null}, {"id": 86, "name": "\u0410\u043a\u0430\u043b\u0442\u044b\u043d\u0441\u043a\u0438\u0439", "region_id": 8, "created_at": null, "updated_at": null, "deleted_at": null}, {"id": 87, "name": "\u0411\u0430\u044f\u0443\u0442\u0441\u043a\u0438\u0439", "region_id": 8, "created_at": null, "updated_at": null, "deleted_at": null}, {"id": 88, "name": "\u0413\u0443\u043b\u0438\u0441\u0442\u0430\u043d\u0441\u043a\u0438\u0439", "region_id": 8, "created_at": null, "updated_at": null, "deleted_at": null}, {"id": 89, "name": "\u041c\u0438\u0440\u0437\u0430\u0430\u0431\u0430\u0434\u0441\u043a\u0438\u0439", "region_id": 8, "created_at": null, "updated_at": null, "deleted_at": null}, {"id": 90, "name": "\u0421\u0430\u0439\u0445\u0443\u043d\u0430\u0431\u0430\u0434\u0441\u043a\u0438\u0439", "region_id": 8, "created_at": null, "updated_at": null, "deleted_at": null}, {"id": 91, "name": "\u0421\u0430\u0440\u0434\u043e\u0431\u0438\u043d\u0441\u043a\u0438\u0439", "region_id": 8, "created_at": null, "updated_at": null, "deleted_at": null}, {"id": 92, "name": "\u0421\u044b\u0440\u0434\u0430\u0440\u044c\u0438\u043d\u0441\u043a\u0438\u0439", "region_id": 8, "created_at": null, "updated_at": null, "deleted_at": null}, {"id": 93, "name": "\u0425\u0430\u0432\u0430\u0441\u0442\u0441\u043a\u0438\u0439", "region_id": 8, "created_at": null, "updated_at": null, "deleted_at": null}, {"id": 94, "name": "\u0410\u043b\u0442\u044b\u043d\u0441\u0430\u0439\u0441\u043a\u0438\u0439", "region_id": 9, "created_at": null, "updated_at": null, "deleted_at": null}, {"id": 95, "name": "\u0410\u043d\u0433\u043e\u0440\u0441\u043a\u0438\u0439", "region_id": 9, "created_at": null, "updated_at": null, "deleted_at": null}, {"id": 96, "name": "\u0411\u0430\u0439\u0441\u0443\u043d\u0441\u043a\u0438\u0439", "region_id": 9, "created_at": null, "updated_at": null, "deleted_at": null}, {"id": 98, "name": "\u0414\u0435\u043d\u0430\u0443\u0441\u043a\u0438\u0439", "region_id": 9, "created_at": null, "updated_at": null, "deleted_at": null}, {"id": 99, "name": "\u0414\u0436\u0430\u0440\u043a\u0443\u0440\u0433\u0430\u043d\u0441\u043a\u0438\u0439", "region_id": 9, "created_at": null, "updated_at": null, "deleted_at": null}, {"id": 100, "name": "\u041a\u0438\u0437\u0438\u0440\u0438\u043a\u0441\u043a\u0438\u0439", "region_id": 9, "created_at": null, "updated_at": null, "deleted_at": null}, {"id": 101, "name": "\u041a\u0443\u043c\u043a\u0443\u0440\u0433\u0430\u043d\u0441\u043a\u0438\u0439", "region_id": 9, "created_at": null, "updated_at": null, "deleted_at": null}, {"id": 102, "name": "\u041c\u0443\u0437\u0440\u0430\u0431\u0430\u0434\u0441\u043a\u0438\u0439", "region_id": 9, "created_at": null, "updated_at": null, "deleted_at": null}, {"id": 103, "name": "\u0421\u0430\u0440\u0438\u0430\u0441\u0438\u0439\u0441\u043a\u0438\u0439", "region_id": 9, "created_at": null, "updated_at": null, "deleted_at": null}, {"id": 104, "name": "\u0422\u0435\u0440\u043c\u0435\u0437\u0441\u043a\u0438\u0439", "region_id": 9, "created_at": null, "updated_at": null, "deleted_at": null}, {"id": 105, "name": "\u0423\u0437\u0443\u043d\u0441\u043a\u0438\u0439", "region_id": 9, "created_at": null, "updated_at": null, "deleted_at": null}, {"id": 106, "name": "\u0428\u0435\u0440\u0430\u0431\u0430\u0434\u0441\u043a\u0438\u0439", "region_id": 9, "created_at": null, "updated_at": null, "deleted_at": null}, {"id": 107, "name": "\u0428\u0443\u0440\u0447\u0438\u043d\u0441\u043a\u0438\u0439", "region_id": 9, "created_at": null, "updated_at": null, "deleted_at": null}, {"id": 108, "name": "\u0410\u043a\u043a\u0443\u0440\u0433\u0430\u043d\u0441\u043a\u0438\u0439", "region_id": 10, "created_at": null, "updated_at": null, "deleted_at": null}, {"id": 109, "name": "\u0410\u0445\u0430\u043d\u0433\u0430\u0440\u0430\u043d\u0441\u043a\u0438\u0439", "region_id": 10, "created_at": null, "updated_at": null, "deleted_at": null}, {"id": 110, "name": "\u0411\u0435\u043a\u0430\u0431\u0430\u0434\u0441\u043a\u0438\u0439", "region_id": 10, "created_at": null, "updated_at": null, "deleted_at": null}, {"id": 111, "name": "\u0411\u043e\u0441\u0442\u0430\u043d\u043b\u044b\u043a\u0441\u043a\u0438\u0439", "region_id": 10, "created_at": null, "updated_at": null, "deleted_at": null}, {"id": 112, "name": "\u0411\u0443\u043a\u0438\u043d\u0441\u043a\u0438\u0439", "region_id": 10, "created_at": null, "updated_at": null, "deleted_at": null}, {"id": 113, "name": "\u0417\u0430\u043d\u0433\u0438\u0430\u0442\u0438\u043d\u0441\u043a\u0438\u0439", "region_id": 10, "created_at": null, "updated_at": null, "deleted_at": null}, {"id": 114, "name": "\u041a\u0438\u0431\u0440\u0430\u0439\u0441\u043a\u0438\u0439", "region_id": 10, "created_at": null, "updated_at": null, "deleted_at": null}, {"id": 115, "name": "\u041a\u0443\u0439\u0438\u0447\u0438\u0440\u0447\u0438\u043a\u0441\u043a\u0438\u0439", "region_id": 10, "created_at": null, "updated_at": null, "deleted_at": null}, {"id": 116, "name": "\u041f\u0430\u0440\u043a\u0435\u043d\u0442\u0441\u043a\u0438\u0439", "region_id": 10, "created_at": null, "updated_at": null, "deleted_at": null}, {"id": 117, "name": "\u041f\u0441\u043a\u0435\u043d\u0442\u0441\u043a\u0438\u0439", "region_id": 10, "created_at": null, "updated_at": null, "deleted_at": null}, {"id": 118, "name": "\u0423\u0440\u0442\u0430\u0447\u0438\u0440\u0447\u0438\u043a\u0441\u043a\u0438\u0439", "region_id": 10, "created_at": null, "updated_at": null, "deleted_at": null}, {"id": 119, "name": "\u0427\u0438\u043d\u0430\u0437\u0441\u043a\u0438\u0439", "region_id": 10, "created_at": null, "updated_at": null, "deleted_at": null}, {"id": 120, "name": "\u042e\u043a\u043e\u0440\u0438\u0447\u0438\u0440\u0447\u0438\u043a\u0441\u043a\u0438\u0439", "region_id": 10, "created_at": null, "updated_at": null, "deleted_at": null}, {"id": 121, "name": "\u042f\u043d\u0433\u0438\u044e\u043b\u044c\u0441\u043a\u0438\u0439", "region_id": 10, "created_at": null, "updated_at": null, "deleted_at": null}, {"id": 122, "name": "\u0422\u0430\u0448\u043a\u0435\u043d\u0442\u0441\u043a\u0438\u0439", "region_id": 10, "created_at": null, "updated_at": null, "deleted_at": null}, {"id": 123, "name": "\u0410\u043b\u0442\u044b\u0430\u0440\u044b\u043a\u0441\u043a\u0438\u0439", "region_id": 11, "created_at": null, "updated_at": null, "deleted_at": null}, {"id": 124, "name": "\u0411\u0430\u0433\u0434\u0430\u0434\u0441\u043a\u0438\u0439", "region_id": 11, "created_at": null, "updated_at": null, "deleted_at": null}, {"id": 125, "name": "\u0411\u0435\u0448\u0430\u0440\u044b\u043a\u0441\u043a\u0438\u0439", "region_id": 11, "created_at": null, "updated_at": null, "deleted_at": null}, {"id": 126, "name": "\u0411\u0443\u0432\u0430\u0439\u0434\u0438\u043d\u0441\u043a\u0438\u0439", "region_id": 11, "created_at": null, "updated_at": null, "deleted_at": null}, {"id": 127, "name": "\u0414\u0430\u043d\u0433\u0430\u0440\u0438\u043d\u0441\u043a\u0438\u0439", "region_id": 11, "created_at": null, "updated_at": null, "deleted_at": null}, {"id": 128, "name": "\u041a\u0443\u0432\u0438\u043d\u0441\u043a\u0438\u0439", "region_id": 11, "created_at": null, "updated_at": null, "deleted_at": null}, {"id": 129, "name": "\u041a\u0443\u0448\u0442\u0435\u043f\u0438\u043d\u0441\u043a\u0438\u0439", "region_id": 11, "created_at": null, "updated_at": null, "deleted_at": null}, {"id": 130, "name": "\u0420\u0438\u0448\u0442\u0430\u043d\u0441\u043a\u0438\u0439", "region_id": 11, "created_at": null, "updated_at": null, "deleted_at": null}, {"id": 131, "name": "\u0421\u043e\u0445\u0441\u043a\u0438\u0439", "region_id": 11, "created_at": null, "updated_at": null, "deleted_at": null}, {"id": 132, "name": "\u0422\u0430\u0448\u043b\u0430\u043a\u0441\u043a\u0438\u0439", "region_id": 11, "created_at": null, "updated_at": null, "deleted_at": null}, {"id": 133, "name": "\u0423\u0437\u0431\u0435\u043a\u0438\u0441\u0442\u0430\u043d\u0441\u043a\u0438\u0439", "region_id": 11, "created_at": null, "updated_at": null, "deleted_at": null}, {"id": 134, "name": "\u0423\u0447\u043a\u0443\u043f\u0440\u0438\u043a\u0441\u043a\u0438\u0439", "region_id": 11, "created_at": null, "updated_at": null, "deleted_at": null}, {"id": 135, "name": "\u0424\u0435\u0440\u0433\u0430\u043d\u0441\u043a\u0438\u0439", "region_id": 11, "created_at": null, "updated_at": null, "deleted_at": null}, {"id": 136, "name": "\u0424\u0443\u0440\u043a\u0430\u0442\u0441\u043a\u0438\u0439", "region_id": 11, "created_at": null, "updated_at": null, "deleted_at": null}, {"id": 137, "name": "\u042f\u0437\u044a\u044f\u0432\u0430\u043d\u0441\u043a\u0438\u0439", "region_id": 11, "created_at": null, "updated_at": null, "deleted_at": null}, {"id": 138, "name": "\u0411\u0430\u0433\u0430\u0442\u0441\u043a\u0438\u0439", "region_id": 12, "created_at": null, "updated_at": null, "deleted_at": null}, {"id": 139, "name": "\u0413\u0443\u0440\u043b\u0435\u043d\u0441\u043a\u0438\u0439", "region_id": 12, "created_at": null, "updated_at": null, "deleted_at": null}, {"id": 140, "name": "\u041a\u043e\u0448\u043a\u0443\u043f\u044b\u0440\u0441\u043a\u0438\u0439", "region_id": 12, "created_at": null, "updated_at": null, "deleted_at": null}, {"id": 141, "name": "\u0423\u0440\u0433\u0435\u043d\u0447\u0441\u043a\u0438\u0439", "region_id": 12, "created_at": null, "updated_at": null, "deleted_at": null}, {"id": 142, "name": "\u0425\u0430\u0437\u0430\u0440\u0430\u0441\u043f\u0441\u043a\u0438\u0439", "region_id": 12, "created_at": null, "updated_at": null, "deleted_at": null}, {"id": 143, "name": "\u0425\u0430\u043d\u043a\u0438\u043d\u0441\u043a\u0438\u0439", "region_id": 12, "created_at": null, "updated_at": null, "deleted_at": null}, {"id": 144, "name": "\u0425\u0438\u0432\u0438\u043d\u0441\u043a\u0438\u0439", "region_id": 12, "created_at": null, "updated_at": null, "deleted_at": null}, {"id": 145, "name": "\u0428\u0430\u0432\u0430\u0442\u0441\u043a\u0438\u0439", "region_id": 12, "created_at": null, "updated_at": null, "deleted_at": null}, {"id": 146, "name": "\u042f\u043d\u0433\u0438\u0430\u0440\u044b\u043a\u0441\u043a\u0438\u0439", "region_id": 12, "created_at": null, "updated_at": null, "deleted_at": null}, {"id": 147, "name": "\u042f\u043d\u0433\u0438\u0431\u0430\u0437\u0430\u0440\u0441\u043a\u0438\u0439", "region_id": 12, "created_at": null, "updated_at": null, "deleted_at": null}, {"id": 148, "name": "\u0410\u043c\u0443\u0434\u0430\u0440\u044c\u0438\u043d\u0441\u043a\u0438\u0439", "region_id": 13, "created_at": null, "updated_at": null, "deleted_at": null}, {"id": 149, "name": "\u0411\u0435\u0440\u0443\u043d\u0438\u0439\u0441\u043a\u0438\u0439", "region_id": 13, "created_at": null, "updated_at": null, "deleted_at": null}, {"id": 150, "name": "\u041a\u0430\u0440\u0430\u0443\u0437\u044f\u043a\u0441\u043a\u0438\u0439", "region_id": 13, "created_at": null, "updated_at": null, "deleted_at": null}, {"id": 151, "name": "\u041a\u0435\u0433\u0435\u0439\u043b\u0438\u0439\u0441\u043a\u0438\u0439", "region_id": 13, "created_at": null, "updated_at": null, "deleted_at": null}, {"id": 152, "name": "\u041a\u0443\u043d\u0433\u0440\u0430\u0434\u0441\u043a\u0438\u0439", "region_id": 13, "created_at": null, "updated_at": null, "deleted_at": null}, {"id": 153, "name": "\u041a\u0430\u043d\u043b\u044b\u043a\u0443\u043b\u044c\u0441\u043a\u0438\u0439", "region_id": 13, "created_at": null, "updated_at": null, "deleted_at": null}, {"id": 154, "name": "\u041c\u0443\u0439\u043d\u0430\u043a\u0441\u043a\u0438\u0439", "region_id": 13, "created_at": null, "updated_at": null, "deleted_at": null}, {"id": 155, "name": "\u041d\u0443\u043a\u0443\u0441\u0441\u043a\u0438\u0439", "region_id": 13, "created_at": null, "updated_at": null, "deleted_at": null}, {"id": 156, "name": "\u0422\u0430\u0445\u0442\u0430\u043a\u0443\u043f\u044b\u0440\u0441\u043a\u0438\u0439", "region_id": 13, "created_at": null, "updated_at": null, "deleted_at": null}, {"id": 157, "name": "\u0422\u0443\u0440\u0442\u043a\u0443\u043b\u044c\u0441\u043a\u0438\u0439", "region_id": 13, "created_at": null, "updated_at": null, "deleted_at": null}, {"id": 158, "name": "\u0425\u043e\u0434\u0436\u0435\u0439\u043b\u0438\u0439\u0441\u043a\u0438\u0439", "region_id": 13, "created_at": null, "updated_at": null, "deleted_at": null}, {"id": 159, "name": "\u0427\u0438\u043c\u0431\u0430\u0439\u0441\u043a\u0438\u0439", "region_id": 13, "created_at": null, "updated_at": null, "deleted_at": null}, {"id": 160, "name": "\u0428\u0443\u043c\u0430\u043d\u0430\u0439\u0441\u043a\u0438\u0439", "region_id": 13, "created_at": null, "updated_at": null, "deleted_at": null}, {"id": 161, "name": "\u042d\u043b\u043b\u0438\u043a\u043a\u0430\u043b\u0438\u043d\u0441\u043a\u0438\u0439", "region_id": 13, "created_at": null, "updated_at": null, "deleted_at": null}, {"id": 162, "name": "\u0410\u043b\u043c\u0430\u0437\u0430\u0440\u0441\u043a\u0438\u0439", "region_id": 14, "created_at": null, "updated_at": null, "deleted_at": null}, {"id": 163, "name": "\u0411\u0435\u043a\u0442\u0435\u043c\u0438\u0440\u0441\u043a\u0438\u0439", "region_id": 14, "created_at": null, "updated_at": null, "deleted_at": null}, {"id": 164, "name": "\u041c\u0438\u0440\u0430\u0431\u0430\u0434\u0441\u043a\u0438\u0439", "region_id": 14, "created_at": null, "updated_at": null, "deleted_at": null}, {"id": 165, "name": "\u041c\u0438\u0440\u0437\u043e-\u0423\u043b\u0443\u0433\u0431\u0435\u043a\u0441\u043a\u0438\u0439", "region_id": 14, "created_at": null, "updated_at": null, "deleted_at": null}, {"id": 166, "name": "\u0421\u0435\u0440\u0433\u0435\u043b\u0438\u0439\u0441\u043a\u0438\u0439", "region_id": 14, "created_at": null, "updated_at": null, "deleted_at": null}, {"id": 167, "name": "\u0423\u0447\u0442\u0435\u043f\u0438\u043d\u0441\u043a\u0438\u0439", "region_id": 14, "created_at": null, "updated_at": null, "deleted_at": null}, {"id": 168, "name": "\u0427\u0438\u043b\u0430\u043d\u0437\u0430\u0440\u0441\u043a\u0438\u0439", "region_id": 14, "created_at": null, "updated_at": null, "deleted_at": null}, {"id": 169, "name": "\u0428\u0430\u0439\u0445\u0430\u043d\u0442\u0430\u0445\u0443\u0440\u0441\u043a\u0438\u0439", "region_id": 14, "created_at": null, "updated_at": null, "deleted_at": null}, {"id": 170, "name": "\u042e\u043d\u0443\u0441\u0430\u0431\u0430\u0434\u0441\u043a\u0438\u0439", "region_id": 14, "created_at": null, "updated_at": null, "deleted_at": null}, {"id": 171, "name": "\u042f\u043a\u043a\u0430\u0441\u0430\u0440\u0430\u0439\u0441\u043a\u0438\u0439", "region_id": 14, "created_at": null, "updated_at": null, "deleted_at": null}, {"id": 172, "name": "\u042f\u0448\u043d\u0430\u0431\u0430\u0434\u0441\u043a\u0438\u0439", "region_id": 14, "created_at": null, "updated_at": null, "deleted_at": null}, {"id": 173, "name": "\u0433\u043e\u0440\u043e\u0434 \u0410\u043d\u0434\u0438\u0436\u0430\u043d", "region_id": 1, "created_at": null, "updated_at": null, "deleted_at": null}, {"id": 174, "name": "\u0433\u043e\u0440\u043e\u0434 \u0411\u0443\u0445\u0430\u0440\u0430", "region_id": 2, "created_at": null, "updated_at": null, "deleted_at": null}, {"id": 175, "name": "\u0433\u043e\u0440\u043e\u0434 \u0414\u0436\u0438\u0437\u0430\u043a", "region_id": 3, "created_at": null, "updated_at": null, "deleted_at": null}, {"id": 176, "name": "\u0433\u043e\u0440\u043e\u0434 \u041d\u0430\u0432\u043e\u0438", "region_id": 4, "created_at": null, "updated_at": null, "deleted_at": null}, {"id": 177, "name": "\u0433\u043e\u0440\u043e\u0434 \u041d\u0430\u043c\u0430\u043d\u0433\u0430\u043d", "region_id": 5, "created_at": null, "updated_at": null, "deleted_at": null}, {"id": 178, "name": "\u0433\u043e\u0440\u043e\u0434 \u041a\u0430\u0440\u0448\u0438", "region_id": 6, "created_at": null, "updated_at": null, "deleted_at": null}, {"id": 179, "name": "\u0433\u043e\u0440\u043e\u0434 \u0421\u0430\u043c\u0430\u0440\u043a\u0430\u043d\u0434", "region_id": 7, "created_at": null, "updated_at": null, "deleted_at": null}, {"id": 180, "name": "\u0433\u043e\u0440\u043e\u0434 \u0413\u0443\u043b\u0438\u0441\u0442\u0430\u043d", "region_id": 8, "created_at": null, "updated_at": null, "deleted_at": null}, {"id": 181, "name": "\u0433\u043e\u0440\u043e\u0434 \u041d\u0443\u0440\u0430\u0444\u0448\u043e\u043d", "region_id": 10, "created_at": null, "updated_at": null, "deleted_at": null}, {"id": 182, "name": "\u0433\u043e\u0440\u043e\u0434 \u0424\u0435\u0440\u0433\u0430\u043d\u0430", "region_id": 11, "created_at": null, "updated_at": null, "deleted_at": null}, {"id": 183, "name": "\u0433\u043e\u0440\u043e\u0434 \u0422\u0435\u0440\u043c\u0435\u0437", "region_id": 9, "created_at": null, "updated_at": null, "deleted_at": null}, {"id": 184, "name": "\u0433\u043e\u0440\u043e\u0434 \u0423\u0440\u0433\u0435\u043d\u0447", "region_id": 12, "created_at": null, "updated_at": null, "deleted_at": null}, {"id": 185, "name": "\u0433\u043e\u0440\u043e\u0434 \u041d\u0443\u043a\u0443\u0441", "region_id": 13, "created_at": null, "updated_at": null, "deleted_at": null}, {"id": 186, "name": "\u0411\u0430\u043d\u0434\u0438\u0445\u0430\u043d", "region_id": 9, "created_at": null, "updated_at": null, "deleted_at": null}, {"id": 187, "name": "\u0433\u043e\u0440\u043e\u0434 \u041c\u0430\u0440\u0433\u0438\u043b\u0430\u043d", "region_id": 11, "created_at": null, "updated_at": null, "deleted_at": null}, {"id": 188, "name": "\u0433\u043e\u0440\u043e\u0434 \u041a\u0443\u0432\u0430\u0441\u0430\u0439", "region_id": 11, "created_at": null, "updated_at": null, "deleted_at": null}, {"id": 189, "name": "\u0433\u043e\u0440\u043e\u0434 \u041a\u043e\u043a\u0430\u043d\u0434", "region_id": 11, "created_at": null, "updated_at": null, "deleted_at": null}, {"id": 190, "name": "\u0411\u043e\u0437\u0430\u0442\u0430\u0443", "region_id": 13, "created_at": null, "updated_at": null, "deleted_at": null}, {"id": 191, "name": "\u0422\u0430\u0445\u0438\u0430\u0442\u0430\u0448", "region_id": 13, "created_at": null, "updated_at": null, "deleted_at": null}, {"id": 195, "name": "\u0433\u043e\u0440\u043e\u0434  \u041a\u0430\u0442\u0442\u0430\u043a\u0443\u0440\u0433\u0430\u043d", "region_id": 7, "created_at": null, "updated_at": null, "deleted_at": null}, {"id": 196, "name": "\u0433\u043e\u0440\u043e\u0434 \u0425\u0430\u043d\u0430\u0431\u0430\u0434", "region_id": 1, "created_at": null, "updated_at": null, "deleted_at": null}, {"id": 197, "name": "\u0433\u043e\u0440\u043e\u0434 \u0425\u0438\u0432\u0430", "region_id": 12, "created_at": null, "updated_at": null, "deleted_at": null}, {"id": 198, "name": "\u0422\u0443\u043f\u0440\u0430\u043a\u043a\u0430\u043b\u0438\u043d\u0441\u043a\u0438\u0439", "region_id": 12, "created_at": null, "updated_at": null, "deleted_at": null}, {"id": 199, "name": "\u0433\u043e\u0440\u043e\u0434 \u041a\u0430\u0433\u0430\u043d", "region_id": 2, "created_at": null, "updated_at": null, "deleted_at": null}, {"id": 200, "name": "\u0433\u043e\u0440\u043e\u0434 \u0417\u0430\u0440\u0430\u0444\u0448\u0430\u043d", "region_id": 4, "created_at": null, "updated_at": null, "deleted_at": null}, {"id": 201, "name": "\u0433\u043e\u0440\u043e\u0434 \u0492\u043e\u0437\u0493\u043e\u043d", "region_id": 4, "created_at": null, "updated_at": null, "deleted_at": null}, {"id": 204, "name": "\u0433\u043e\u0440\u043e\u0434 \u0410\u043d\u0433\u0440\u0435\u043d", "region_id": 10, "created_at": null, "updated_at": null, "deleted_at": null}, {"id": 205, "name": "\u0433\u043e\u0440\u043e\u0434 \u0411\u0435\u043a\u0430\u0431\u0430\u0434", "region_id": 10, "created_at": null, "updated_at": null, "deleted_at": null}, {"id": 202, "name": "\u0433\u043e\u0440\u043e\u0434 \u042f\u043d\u0433\u0438\u0435\u0440", "region_id": 8, "created_at": null, "updated_at": null, "deleted_at": null}, {"id": 203, "name": "\u0433\u043e\u0440\u043e\u0434 \u0428\u0438\u0440\u0438\u043d", "region_id": 8, "created_at": null, "updated_at": null, "deleted_at": null}, {"id": 206, "name": "\u0433\u043e\u0440\u043e\u0434 \u0427\u0438\u0440\u0447\u0438\u043a", "region_id": 10, "created_at": null, "updated_at": null, "deleted_at": null}, {"id": 207, "name": "\u0433\u043e\u0440\u043e\u0434 \u0410\u043b\u043c\u0430\u043b\u044b\u043a", "region_id": 10, "created_at": null, "updated_at": null, "deleted_at": null}, {"id": 208, "name": "\u0433\u043e\u0440\u043e\u0434 \u0410\u0445\u0430\u043d\u0433\u0430\u0440\u0430\u043d", "region_id": 10, "created_at": null, "updated_at": null, "deleted_at": null}, {"id": 209, "name": "\u0433\u043e\u0440\u043e\u0434 \u042f\u043d\u0433\u0438\u044e\u043b\u044c", "region_id": 10, "created_at": null, "updated_at": null, "deleted_at": null}, {"id": 210, "name": "\u042f\u043d\u0433\u0438\u0445\u0430\u0451\u0442\u0441\u043a\u0438\u0439", "region_id": 14, "created_at": null, "updated_at": null, "deleted_at": null}], "object_types": [{"id": 1, "name": "\u0421\u0442\u0440\u043e\u0438\u0442\u0435\u043b\u044c\u0441\u0442\u0432\u043e \u0434\u043e\u0440\u043e\u0433, \u043c\u043e\u0441\u0442\u043e\u0432, \u043f\u0443\u0442\u0435\u043f\u0440\u043e\u0432\u043e\u0434\u043e\u0432 \u0438 \u0436\u0435\u043b\u0435\u0437\u043d\u044b\u0445 \u0434\u043e\u0440\u043e\u0433", "created_at": null, "updated_at": null}, {"id": 2, "name": "\u0421\u043e\u0446\u0438\u0430\u043b\u044c\u043d\u044b\u0435 \u043e\u0431\u044a\u0435\u043a\u0442\u044b", "created_at": null, "updated_at": null}, {"id": 3, "name": "\u0418\u043d\u0436\u0435\u043d\u0435\u0440\u043d\u044b\u0435 \u0441\u0435\u0442\u0438", "created_at": null, "updated_at": null}, {"id": 4, "name": "\u041c\u0435\u043b\u0438\u043e\u0440\u0430\u0446\u0438\u044f \u0438 \u043e\u0440\u043e\u0448\u0435\u043d\u0438\u0435 \u0437\u0435\u043c\u0435\u043b\u044c", "created_at": null, "updated_at": null}, {"id": 5, "name": "\u041d\u0435\u0444\u0442\u0435\u0433\u0430\u0437\u043e\u0432\u0430\u044f \u043f\u0440\u043e\u043c\u044b\u0448\u043b\u0435\u043d\u043d\u043e\u0441\u0442\u044c", "created_at": null, "updated_at": null}], "service_types": [{"id": 1, "name": "\u0420\u0435\u043c\u043e\u043d\u0442", "created_at": null, "updated_at": null}, {"id": 2, "name": "\u0420\u0435\u043a\u043e\u043d\u0441\u0442\u0440\u0443\u043a\u0446\u0438\u044f", "created_at": null, "updated_at": null}, {"id": 3, "name": "\u0421\u0442\u0440\u043e\u0438\u0442\u0435\u043b\u044c\u0441\u0442\u0432\u043e", "created_at": null, "updated_at": null}]}, "code": 200}